position,anchor_track,track_name,EV_score,camelot,arc_cost,left_transition_cost,right_transition_cost,anchor_alignment_cost
294,51,Daryaa,0.4499585182311276,4B,0.338509438708581,1.1769529699919825,1.4883267841776602,3.003789192878224
275,75,Teri Hogaiyaan,0.427254215591607,7B,0.3232246146128828,1.2183951095879333,0.9950390829865072,2.5366588071873233
134,192,Intentions,0.7248920974013542,11B,0.2563325761266458,1.0951557372674092,0.9245794026447257,2.2760677160387806
284,212,Love Yourself,0.45230474083225547,12B,0.3161689388783907,1.3928996755243097,0.525032201379882,2.2341008157825826
195,16,Daru Badnaam,0.6206587023773629,1A,0.03013409000537315,1.5864909967786947,0.5457193925291748,2.1623444793132425
256,197,Yellow,0.5398515781960547,1B,0.17263812527321631,1.1885042099307985,0.7498156608270587,2.1109579960310736
246,244,Temporary pyar,0.48491467183754533,6B,0.20758075440266321,0.930217492751078,0.9273750023899041,2.065173249543645
265,176,In The Stars,0.37956237810653554,6B,0.3509221748688918,0.9463098884288161,0.6718955729552001,1.969127636252908
270,157,Happier Than Ever,0.2609980416511239,8B,0.4794836499388347,0.8440516765198178,0.626954811112908,1.9504901375715604
13,290,Filhaal2 Mohabbat,0.48318222313060843,8A,0.25655345632755644,1.0065165273993277,0.6713019321345206,1.9343719158614048
181,250,Ek Tarfa,0.4404794111962701,7A,0.12205321305503214,0.7574037003734697,1.0473407455569097,1.9267976589854117
37,87,lovely (with Khalid),0.2890816810375953,9A,0.014466648884793265,1.0638020516567022,0.8279726520789799,1.9062413526204753
144,40,Mere Humsafar (Original Score) [Female Version],0.4493205485134884,12B,0.03923324999028249,0.8492354793548726,1.0017790753471512,1.8902478046923064
219,25,"Adipoli (From ""Think Originals"")",0.6230648679453352,8B,0.015446009776404535,1.1242452767975775,0.7341208817766611,1.873812168350643
289,287,Ek Tarfa - Reprise,0.3352508582454512,12A,0.4432199600797262,0.611703240254175,0.8133941866670691,1.8683173870009702
59,3,Shiddat Title Track,0.5586949237928078,8A,0.2400924817360683,0.8175792311271959,0.7924742826799912,1.8501459955432553
149,184,Everyday Life,0.42029375035589533,10B,0.07825718676240684,0.6041088792870353,1.1493474525438425,1.8317135185932847
200,206,Old Skool,0.6464081863697537,2B,0.04588643538323267,0.8409416087221891,0.9240751764067794,1.810903220512201
280,74,The Lighthouse Keeper,0.33362342316932736,8B,0.42685254564969366,0.6401989786623679,0.7125803522563859,1.7796318765684473
69,100,I Was Never There,0.4500993920323745,6B,0.11150267274657244,0.8299044026583204,0.8236111995227179,1.7650182749276109
237,104,Baarish Ki Jaaye,0.6590938396819433,2A,0.015406737052108932,0.8194956601625754,0.8617324685157799,1.6966348657304642
55,177,Pal,0.4836709426944603,6A,0.17306621152934576,0.8457076803442866,0.6750471939937753,1.6938210858674076
190,134,GODSPEED,0.6976052452536522,3B,0.1170777714961938,0.9899489554278007,0.5767620889946584,1.683788815918653
205,193,Calm Down (with Selena Gomez),0.7258391498181462,1B,0.11532026021709396,0.8385707840130548,0.7262419709145529,1.6801330151447016
18,231,Vaaste,0.41330937670026513,7B,0.17668347128268186,0.8127224824275554,0.6834749307800715,1.6728808844903087
224,48,Tumse Milke Dil Ka,0.7103843730339376,8A,0.06187635669766656,0.3974098993186821,1.2124967969809939,1.6717830529973425
209,267,Manike Mage Hithe,0.62458866716346,12A,0.00607206667078275,1.0937634373642946,0.5595814107147982,1.6594169147498756
74,50,Christmas Lights,0.3609157943889988,9B,0.01232193648866542,0.8526346029692219,0.7880473091582001,1.6530038486160874
46,261,cardigan,0.5566512904104858,5A,0.2640414087515275,0.8316394838140824,0.530989826510872,1.6266707190764818
96,4,Hasi - Male Version,0.4499543794010393,11A,0.057373111596768445,1.0623981072701252,0.4711379127620038,1.5909091316288975
233,112,Dil Na Jaaneya,0.5391986390741363,6B,0.1273042267682909,0.7715492412614416,0.682766480665585,1.5816199486953175
41,229,Hawa Banke,0.5235163060078782,6A,0.24090356296345117,0.39365306342927314,0.9205621205770071,1.5551187469697314
171,237,Yeh Jism,0.3677986912991826,9A,0.1747396557230571,0.769645704160002,0.6013927661401907,1.54577812602325
64,95,Orasaadha - Madras Gig,0.6884919804538099,8B,0.35989239978253906,0.5232586772889158,0.6530106005908898,1.5361616776623448
139,62,"Mere Sohneya (From ""Kabir Singh"")",0.5650633180910704,11B,0.08650665820183068,1.4252249078123067,4.236181172458244e-05,1.5117739278258622
22,245,Dooriyan (feat. Kaprila),0.4441076782576941,11B,0.19948406194848584,0.58886063294097,0.7052605689455859,1.4936052638350419
120,260,Summertime Sadness,0.48976142011767987,12A,0.049193886963659006,0.2871956338694939,1.101174971607393,1.437564492440546
176,213,"Najaa (From ""Sooryavanshi"")",0.6645724409321797,8A,0.11203695529540869,0.752649868649523,0.5717101956823858,1.4363970196273175
125,122,Qismat,0.5644675733801593,10A,0.11390290161160715,0.7101467856733392,0.5746124743281227,1.398662161613069
228,60,Sufna Banke,0.538047570337537,6B,0.11845815689035899,0.3443975853608304,0.9183323689493406,1.38118811120053
153,273,Blank Space,0.6224164339104633,7B,0.11586778590053615,0.5179757312216219,0.7371314028581473,1.3709749199803052
4,109,Aziyat,0.4433924568416062,6B,0.23475853954471046,0.4329907200645713,0.6850292567508911,1.3527785163601729
87,85,Munbe Vaa,0.3936485676279262,3B,0.01906214932981165,0.5862643094343423,0.7355398881914317,1.3408663469555857
162,119,Kala Chashma,0.7717264070211832,8B,0.2471829095050998,0.5648060034926758,0.5185723742564337,1.3305612872542092
115,70,You Belong With Me (Taylor’s Version),0.6319409741385262,2B,0.2013705795990366,0.47565056009013473,0.6237342351941956,1.300755374883367
9,120,Say You Won't Let Go,0.42024830506062605,6B,0.20161724914919904,0.7615673155856233,0.33220213947925353,1.2953867042140759
111,296,Infinity,0.5922739457031974,10A,0.16970126205533276,0.7627335728516695,0.35468495793834875,1.287119792845351
92,209,Befikar,0.5323525349654515,1B,0.1477689780528057,0.5330024174937321,0.5892083479444317,1.2699797434909694
242,106,Drummer Boy,0.6427886251766198,4B,0.04170909017196367,0.5060352072006086,0.711150034931669,1.2588943323042412
130,18,June Ponal,0.5705956931315689,10A,0.11003388274848547,0.47030867134342424,0.6587366742687484,1.2390792283606582
50,30,drivers license,0.4367552099470381,6B,0.13614761739645476,0.7854124763252129,0.31620537977385754,1.2377654734955252
186,225,Nashe Si Chadh Gayi,0.5876896042914117,9A,0.015159841425578247,0.84928288551439,0.363805344226406,1.2282480711663744
167,295,Adada Adada,0.751291846428551,9B,0.21675121029793631,0.4311953611165457,0.5797592883563731,1.2277058597708552
261,49,"Gali Gali (From ""Kgf Chapter 1"")",0.7853172073008222,4A,0.06283036521702001,0.5112067603091142,0.6512456362381576,1.2252827617642916
158,253,"Naah Goriye (From ""Bala"")",0.7305092575259395,7A,0.21396347090148105,0.8147286299616556,0.17376109801494022,1.202453198878077
27,256,"Kaise Hua (From ""Kabir Singh"")",0.40690357527983706,10B,0.15228282035609753,1.0103555479992057,0.01707628036601675,1.17971464872132
83,200,Kya Karein,0.43887981478730803,2B,0.07229110738081845,0.6042241867038841,0.4951925873474413,1.1717078814321438
214,113,As It Was,0.6853354694828655,11A,0.056821730375657076,0.6995390670120976,0.4049796533780634,1.161340450765818
101,126,Let Me Down Slowly / Mai Dhoondhne Ko Zamaney / Kabhi Jo Badal Barsey (Medley),0.5049064751190282,12A,0.1023280687002261,0.6158772417406577,0.39951824291346727,1.117723553354351
32,247,"Yaanji - From ""Vikram Vedha""",0.6049943110840633,8A,0.3403764175457925,0.4872849500124743,0.2490683496618924,1.076729717220159
251,117,Mere Dil Gaaye Ja (Zooby Zooby),0.6865568909829507,4A,0.01593567387178907,0.8098954470536076,0.24049594179992503,1.0663270627253216
78,0,you broke me first,0.40960235436192277,12B,0.05301078556996447,0.34819219898163956,0.5705979201024173,0.9718009046540212
106,130,"Meri Zindagi Hai Tu (From ""Satyameva Jayate 2"")",0.6434034492097517,11A,0.2308279041764183,0.40766560941212143,0.19515828657564144,0.8336518001641811
